{"cameraMode":{"drawMode":0,"name":"Shaded","section":"Shading Mode"},"sceneLighting":true,"audioPlay":false,"sceneViewState":{"showFog":true,"showMaterialUpdate":false,"showSkybox":true,"showFlares":true,"showImageEffects":true,"showParticleSystems":true},"in2DMode":false,"pivot":{"x":6.654966354370117,"y":-107.332275390625,"z":-15.729998588562012},"rotation":{"x":0.7182697057723999,"y":0.0012614669976755977,"z":-0.0013016397133469582,"w":0.6957625150680542},"size":149.75836181640626,"orthographic":false}