{"cameraMode":{"drawMode":0,"name":"Shaded","section":"Shading Mode"},"sceneLighting":false,"audioPlay":false,"sceneViewState":{"showFog":true,"showMaterialUpdate":false,"showSkybox":false,"showFlares":true,"showImageEffects":true,"showParticleSystems":true},"in2DMode":false,"pivot":{"x":-10.598901748657227,"y":-2.286494255065918,"z":-16.04249382019043},"rotation":{"x":-0.257506787776947,"y":-0.5538893342018127,"z":0.18528659641742707,"w":-0.7697829604148865},"size":3.7578837871551515,"orthographic":false}